statusCode,statusMessage,userId,facilityId,addressName,itemCode
0.0,NORMAL_CODE,LSDS_001,LSDS_001_01,경상남도 하동군,413000.0
,,LSDS_002,LSDS_002_01,충청남도 천안시,413000.0
,,LSDS_003,LSDS_003_01,충청남도 천안시,413000.0
,,LSDS_005,LSDS_005_01,경기도 여주군,413000.0
,,LSDS_006,LSDS_006_01,경상북도 포항시,413000.0
,,PFS_0000001,PFS_0000001_01,경상남도 사천시,80300.0
,,PFS_0000002,PFS_0000002_01,전라북도 김제시,80300.0
,,PFS_0000003,PFS_0000003_01,경상남도 함안군,80300.0
,,PFS_0000004,PFS_0000004_01,경상남도 진주시,80300.0
,,PFS_0000005,PFS_0000005_01,경상남도 진주시,132600.0
,,PFS_0000006,PFS_0000006_01,전라북도 순창군,80300.0
,,PFS_0000007,PFS_0000007_01,전라남도 화순군,80300.0
,,PFS_0000008,PFS_0000008_01,전라북도 완주군,80300.0
,,PFS_0000009,PFS_0000009_01,전라북도 김제시,80300.0
,,PFS_0000010,PFS_0000010_01,경상남도 거창군,132600.0
,,PF_0000001,PF_0000001_01,충청남도 부여군,80400.0
,,PF_0000002,PF_0000002_01,충청남도 부여군,80300.0
,,PF_0000004,PF_0000004_01,충청남도 부여군,80300.0
,,PF_0000005,PF_0000005_01,충청남도 부여군,80300.0
,,PF_0000006,PF_0000006_01,충청남도 부여군,80300.0
,,PF_0000007,PF_0000007_01,충청남도 부여군,80300.0
,,PF_0000008,PF_0000008_01,충청남도 부여군,80300.0
,,PF_0000009,PF_0000009_01,충청남도 부여군,80300.0
,,PF_0000010,PF_0000010_01,충청남도 부여군,80300.0
,,PF_0000011,PF_0000011_01,충청남도 논산시,80300.0
,,PF_0000012,PF_0000012_01,충청남도 논산시,80300.0
,,PF_0000013,PF_0000013_01,충청남도 논산시,80300.0
,,PF_0000014,PF_0000014_01,충청남도 논산시,80300.0
,,PF_0000015,PF_0000015_01,충청남도 논산시,80300.0
,,PF_0000016,PF_0000016_01,충청남도 논산시,80300.0
,,PF_0000017,PF_0000017_01,충청남도 논산시,80300.0
,,PF_0000018,PF_0000018_01,충청남도 논산시,80300.0
,,PF_0000019,PF_0000019_01,충청남도 부여군,80300.0
,,PF_0000020,PF_0000020_01,충청남도 부여군,80300.0
,,PF_0000021,PF_0000021_01,경상남도 진주시,132600.0
,,PF_0000022,PF_0000022_01,경상남도 진주시,132600.0
,,PF_0000027,PF_0000027_01,경상남도 함안군,132600.0
,,PF_0000029,PF_0000029_01,전라남도 화순군,80400.0
,,PF_0000030,PF_0000030_01,전라남도 장성군,80400.0
,,PF_0000031,PF_0000031_01,전라남도 강진군,80400.0
,,PF_0000032,PF_0000032_01,전라남도 담양군,80400.0
,,PF_0000034,PF_0000034_01,충청남도 부여군,80300.0
,,PF_0000039,PF_0000039_01,경상남도 창녕군,80300.0
,,PF_0000040,PF_0000040_01,경상남도 창녕군,80300.0
,,PF_0000042,PF_0000042_01,경상남도 창녕군,80300.0
,,PF_0000043,PF_0000043_01,경상남도 창녕군,80300.0
,,PF_0000047,PF_0000047_01,경상남도 창녕군,80300.0
,,PF_0000048,PF_0000048_01,경상남도 창녕군,132600.0
,,PF_0000098,PF_0000098_01,전라북도 남원시,80400.0
,,PF_0000099,PF_0000099_01,경기도 평택시,80300.0
,,PF_0000111,PF_0000111_01,경상북도 상주시,80400.0
,,PF_0000116,PF_0000116_01,경상남도 창녕군,80300.0
,,PF_0000121,PF_0000121_01,경기도 이천시,inf
,,PF_0000122,PF_0000122_01,경기도 이천시,inf
,,PF_0000125,PF_0000125_01,전라북도 정읍시,80300.0
,,PF_0000129,PF_0000129_01,강원도 철원군,132600.0
,,PF_0000131,PF_0000131_01,강원도 철원군,132600.0
,,PF_0000139,PF_0000139_01,경기도 이천시,inf
,,PF_0000145,PF_0000145_01,경상남도 밀양시,132600.0
,,PF_0000168,PF_0000168_01,강원도 평창군,132600.0
,,PF_0000184,PF_0000184_01,경상남도 김해시,132600.0
,,PF_0000185,PF_0000185_01,경상남도 김해시,80300.0
,,PF_0000190,PF_0000190_01,경상북도 성주군,80200.0
,,PF_0000203,PF_0000203_01,전라남도 화순군,80400.0
,,PF_0000227,PF_0000227_01,전라남도 화순군,80300.0
,,PF_0000234,PF_0000234_01,경상북도 상주시,60300.0
,,PF_0000265,PF_0000265_01,전라남도 보성군,80300.0
,,PF_0000284,PF_0000284_01,충청남도 당진시,80400.0
,,PF_0000304,PF_0000304_01,경상남도 사천시,80300.0
,,PF_0000321,PF_0000321_01,경상남도 김해시,132600.0
,,PF_0000335,PF_0000335_01,강원도 평창군,132600.0
,,PF_0000336,PF_0000336_01,강원도 평창군,132600.0
,,PF_0000348,PF_0000348_01,경상남도 김해시,132600.0
,,PF_0000365,PF_0000365_01,전라북도 장수군,80300.0
,,PF_0000374,PF_0000374_01,전라북도 김제시,80400.0
,,PF_0000445,PF_0000445_01,전라북도 장수군,413000.0
,,PF_0000468,PF_0000468_01,경상북도 성주군,80200.0
,,PF_0000476,PF_0000476_01,경상북도 성주군,80200.0
,,PF_0000481,PF_0000481_01,경상북도 성주군,80200.0
,,PF_0000528,PF_0000528_01,경상북도 성주군,80200.0
,,PF_0000533,PF_0000533_01,경상북도 성주군,80200.0
,,PF_0000574,PF_0000574_01,전라북도 김제시,80400.0
,,PF_0000576,PF_0000576_01,전라북도 부안군,80400.0
,,PF_0000577,PF_0000577_01,경상북도 성주군,80200.0
,,PF_0000587,PF_0000587_01,전라북도 고창군,132600.0
,,PF_0000595,PF_0000595_01,전라북도 고창군,132600.0
,,PF_0000597,PF_0000597_01,전라북도 남원시,132600.0
,,PF_0000630,PF_0000630_01,전라북도 고창군,132600.0
,,PF_0000777,PF_0000777_01,전라북도 김제시,80400.0
,,PF_0000778,PF_0000778_01,전라북도 김제시,80400.0
,,PF_0000780,PF_0000780_01,전라북도 김제시,80400.0
,,PF_0000806,PF_0000806_01,경상북도 경주시,80300.0
,,PF_0000824,PF_0000824_01,경상남도 산청군,80400.0
,,PF_0000854,PF_0000854_01,전라북도 남원시,132600.0
,,PF_0000872,PF_0000872_01,경상남도 합천군,132600.0
,,PF_0001001,PF_0001001_01,전라북도 장수군,80300.0
,,PF_0001002,PF_0001002_01,전라북도 김제시,80300.0
,,PF_0001003,PF_0001003_01,전라북도 김제시,80400.0
,,PF_0001004,PF_0001004_01,전라남도 화순군,80400.0
,,PF_0001005,PF_0001005_01,전라남도 화순군,80400.0
,,PF_0001006,PF_0001006_01,경상남도 함안군,132600.0
,,PF_0001008,PF_0001008_01,전라남도 장성군,80400.0
,,PF_0001009,PF_0001009_01,충청남도 부여군,80300.0
,,PF_0001044,PF_0001044_01,전라남도 곡성군,80400.0
,,PF_0001055,PF_0001055_01,경기도 용인시 처인구,230000.0
,,PF_0001065,PF_0001065_01,전라남도 화순군,80400.0
,,PF_0001066,PF_0001066_01,전라남도 장성군,132600.0
,,PF_0001122,PF_0001122_01,경상남도 김해시,132600.0
,,PF_0001188,PF_0001188_01,경상북도 상주시,90100.0
,,PF_0001201,PF_0001201_01,충청북도 증평군,413000.0
,,PF_0001277,PF_0001277_01,경기도 화성시,132600.0
,,PF_0001278,PF_0001278_01,강원도 인제군,132600.0
,,PF_0001279,PF_0001279_01,강원도 인제군,132600.0
,,PF_0001280,PF_0001280_01,강원도 인제군,132600.0
,,PF_0001281,PF_0001281_01,강원도 인제군,132600.0
,,PF_0001282,PF_0001282_01,강원도 평창군,80400.0
,,PF_0001283,PF_0001283_01,강원도 평창군,80400.0
,,PF_0001284,PF_0001284_01,강원도 평창군,132600.0
,,PF_0001285,PF_0001285_01,경상남도 창원시 마산합포구,132600.0
,,PF_0001286,PF_0001286_01,경상남도 밀양시,132600.0
,,PF_0001287,PF_0001287_01,경상남도 합천군,132600.0
,,PF_0001288,PF_0001288_01,경상남도 진주시,132600.0
,,PF_0001289,PF_0001289_01,경상남도 거창군,80400.0
,,PF_0001291,PF_0001291_01,경상남도 산청군,80400.0
,,PF_0001295,PF_0001295_01,경상북도 성주군,80200.0
,,PF_0001296,PF_0001296_01,전라남도 무안군,inf
,,PF_0001297,PF_0001297_01,전라남도 무안군,inf
,,PF_0001298,PF_0001298_01,전라북도 김제시,132600.0
,,PF_0001299,PF_0001299_01,전라남도 화순군,132600.0
,,PF_0001300,PF_0001300_01,전라남도 담양군,80400.0
,,PF_0001301,PF_0001301_01,전라남도 강진군,80400.0
,,PF_0001302,PF_0001302_01,전라남도 화순군,80400.0
,,PF_0001303,PF_0001303_01,전라남도 화순군,80400.0
,,PF_0001306,PF_0001306_01,전라남도 장성군,80400.0
,,PF_0001307,PF_0001307_01,충청남도 예산군,80400.0
,,PF_0001310,PF_0001310_01,경상남도 의령군,413000.0
,,PF_0001314,PF_0001314_01,충청남도 당진시,413000.0
,,PF_0001336,PF_0001336_01,전라남도 화순군,132600.0
,,PF_0001342,PF_0001342_01,경기도 용인시 처인구,230000.0
,,PF_0001377,PF_0001377_01,경상남도 의령군,413000.0
,,PF_0001378,PF_0001378_01,전라북도 군산시,413000.0
,,PF_0001382,PF_0001382_01,전라남도 화순군,80400.0
,,PF_0001393,PF_0001393_01,경상남도 진주시,132600.0
,,PF_0001394,PF_0001394_01,경상남도 진주시,132600.0
,,PF_0001395,PF_0001395_01,경상남도 진주시,132600.0
,,PF_0001396,PF_0001396_01,전라남도 강진군,80300.0
,,PF_0001399,PF_0001399_01,전라남도 영광군,132600.0
,,PF_0001400,PF_0001400_01,전라남도 영광군,132600.0
,,PF_0001401,PF_0001401_01,전라남도 영광군,132600.0
,,PF_0001402,PF_0001402_01,전라남도 화순군,80300.0
,,PF_0001403,PF_0001403_01,전라북도 남원시,132600.0
,,PF_0001404,PF_0001404_01,전라북도 남원시,132600.0
,,PF_0001405,PF_0001405_01,경상남도 사천시,80300.0
,,PF_0001406,PF_0001406_01,전라북도 장수군,80300.0
,,PF_0001407,PF_0001407_01,전라남도 화순군,80400.0
,,PF_0001408,PF_0001408_01,강원도 철원군,132600.0
,,PF_0001409,PF_0001409_01,경상남도 진주시,132600.0
,,PF_0001410,PF_0001410_01,경상남도 진주시,132600.0
,,PF_0001411,PF_0001411_01,전라북도 남원시,132600.0
,,PF_0001412,PF_0001412_01,전라남도 화순군,80300.0
,,PF_0001537,PF_0001537_01,제주특별자치도 제주시,413000.0
,,PF_0001542,PF_0001542_01,경기도 오산시,90100.0
,,PF_0001576,PF_0001576_01,충청북도 증평군,415000.0
,,PF_0001600,PF_0001600_01,경기도 용인시 처인구,230000.0
,,PF_0001637,PF_0001637_01,경상북도 상주시,90100.0
,,PF_0001644,PF_0001644_01,경상북도 상주시,90100.0
,,PF_0001665,PF_0001665_01,경상북도 상주시,90100.0
,,PF_0001719,PF_0001719_01,제주특별자치도 제주시,413000.0
,,PF_0001726,PF_0001726_01,충청남도 천안시 동남구,413000.0
,,PF_0001750,PF_0001750_01,충청북도 청주시 상당구,412200.0
,,PF_0001790,PF_0001790_01,경상북도 성주군,80200.0
,,PF_0002139,PF_0002139_01,충청남도 홍성군,80400.0
,,PF_0002154,PF_0002154_01,경기도 평택시,412200.0
,,PF_0002157,PF_0002157_01,충청남도 천안시,412200.0
,,PF_0002183,PF_0002183_01,제주특별자치도 제주시,413000.0
,,PF_0002284,PF_0002284_01,경상남도 사천시,80400.0
,,PF_0002285,PF_0002285_01,경상남도 산청군,80400.0
,,PF_0002286,PF_0002286_01,경상남도 산청군,80400.0
,,PF_0002287,PF_0002287_01,경상남도 산청군,80400.0
,,PF_0002288,PF_0002288_01,전라남도 보성군,80400.0
,,PF_0002289,PF_0002289_01,전라북도 김제시,80400.0
,,PF_0002290,PF_0002290_01,전라남도 보성군,80400.0
,,PF_0002291,PF_0002291_01,전라남도 보성군,80400.0
,,PF_0002292,PF_0002292_01,전라남도 보성군,80400.0
,,PF_0002293,PF_0002293_01,전라남도 보성군,80400.0
,,PF_0002294,PF_0002294_01,경상북도 성주군,80200.0
,,PF_0002295,PF_0002295_01,경상남도 창녕군,132600.0
,,PF_0002296,PF_0002296_01,전라북도 남원시,132600.0
,,PF_0002297,PF_0002297_01,전라남도 장성군,80400.0
,,PF_0002298,PF_0002298_01,경상남도 고성군,132600.0
,,PF_0002299,PF_0002299_01,경상남도 고성군,132600.0
,,PF_0002300,PF_0002300_01,경기도 용인시 처인구,230000.0
,,PF_0002301,PF_0002301_01,경기도 용인시 처인구,230000.0
,,PF_0002303,PF_0002303_01,전라남도 화순군,80400.0
,,PF_0002304,PF_0002304_01,전라남도 고흥군,80400.0
,,PF_0002305,PF_0002305_01,전라남도 화순군,80400.0
,,PF_0002321,PF_0002321_01,경기도 안성시,412200.0
,,PF_0002322,PF_0002322_01,전라북도 완주군,132600.0
,,PF_0002323,PF_0002323_01,경기도 안성시,412200.0
,,PF_0002381,PF_0002381_01,경상남도 밀양시,80400.0
,,PF_0002519,PF_0002519_01,전라북도 군산시,90300.0
,,PF_0002521,PF_0002521_01,전라북도 군산시,90300.0
,,PF_0002522,PF_0002522_01,전라북도 김제시,80400.0
,,PF_0002523,PF_0002523_01,전라북도 부안군,80400.0
,,PF_0002524,PF_0002524_01,전라북도 부안군,80400.0
,,PF_0002525,PF_0002525_01,전라북도 군산시,80300.0
,,PF_0002526,PF_0002526_01,전라남도 담양군,80300.0
,,PF_0002527,PF_0002527_01,전라북도 김제시,80300.0
,,PF_0002528,PF_0002528_01,전라남도 영암군,80300.0
,,PF_0002529,PF_0002529_01,전라남도 강진군,80300.0
,,PF_0002530,PF_0002530_01,전라북도 완주군,80400.0
,,PF_0002531,PF_0002531_01,전라남도 화순군,80300.0
,,PF_0002532,PF_0002532_01,전라북도 완주군,80300.0
,,PF_0002533,PF_0002533_01,전라남도 화순군,80300.0
,,PF_0002534,PF_0002534_01,전라남도 장성군,80400.0
,,PF_0002535,PF_0002535_01,경상남도 함안군,132600.0
,,PF_0002536,PF_0002536_01,경상남도 함안군,132600.0
,,PF_0002537,PF_0002537_01,경상남도 함안군,132600.0
,,PF_0002538,PF_0002538_01,경상남도 함안군,132600.0
,,PF_0002539,PF_0002539_01,경상남도 의령군,132600.0
,,PF_0002540,PF_0002540_01,경상남도 의령군,132600.0
,,PF_0002541,PF_0002541_01,경상남도 의령군,132600.0
,,PF_0002542,PF_0002542_01,경상북도 상주시,60300.0
,,PF_0002543,PF_0002543_01,경상북도 상주시,60300.0
,,PF_0002544,PF_0002544_01,경상북도 상주시,90100.0
,,PF_0002545,PF_0002545_01,경상북도 상주시,90100.0
,,PF_0002546,PF_0002546_01,경상북도 상주시,90100.0
,,PF_0002547,PF_0002547_01,전라북도 남원시,80300.0
,,PF_0002549,PF_0002549_01,전라남도 장성군,80400.0
,,PF_0002550,PF_0002550_01,경상북도 성주군,80200.0
,,PF_0002551,PF_0002551_01,경상남도 창원시,80300.0
,,PF_0002552,PF_0002552_01,충청남도 논산시,80400.0
,,PF_0002633,PF_0002633_01,전라남도 화순군,132600.0
,,PF_0002739,PF_0002739_01,강원도 태백시,100100.0
,,PF_0002740,PF_0002740_01,강원도 태백시,100100.0
,,PF_0002741,PF_0002741_01,강원도 태백시,100100.0
,,PF_0002742,PF_0002742_01,강원도 태백시,100100.0
,,PF_0002743,PF_0002743_01,강원도 태백시,100100.0
,,PF_0002744,PF_0002744_01,강원도 태백시,100100.0
,,PF_0002745,PF_0002745_01,전라남도 무안군,120100.0
,,PF_0002746,PF_0002746_01,강원도 태백시,100100.0
,,PF_0002747,PF_0002747_01,전라남도 무안군,120100.0
,,PF_0002748,PF_0002748_01,강원도 태백시,100100.0
,,PF_0002749,PF_0002749_01,전라남도 해남군,100100.0
,,PF_0002750,PF_0002750_01,강원도 태백시,100100.0
,,PF_0002751,PF_0002751_01,경상북도 안동시,120600.0
,,PF_0002752,PF_0002752_01,강원도 태백시,100100.0
,,PF_0002753,PF_0002753_01,전라남도 해남군,100100.0
,,PF_0002754,PF_0002754_01,경상북도 안동시,120600.0
,,PF_0002755,PF_0002755_01,경상북도 안동시,120600.0
,,PF_0002756,PF_0002756_01,전라남도 해남군,100100.0
,,PF_0002757,PF_0002757_01,전라남도 해남군,100100.0
,,PF_0002758,PF_0002758_01,전라남도 해남군,100100.0
,,PF_0002759,PF_0002759_01,경상북도 안동시,120600.0
,,PF_0002760,PF_0002760_01,전라남도 해남군,100100.0
,,PF_0002761,PF_0002761_01,경상북도 안동시,120600.0
,,PF_0002762,PF_0002762_01,전라남도 해남군,100100.0
,,PF_0002763,PF_0002763_01,전라북도 고창군,110100.0
,,PF_0002764,PF_0002764_01,전라남도 해남군,100100.0
,,PF_0002765,PF_0002765_01,경상북도 안동시,120600.0
,,PF_0002766,PF_0002766_01,전라남도 해남군,100100.0
,,PF_0002767,PF_0002767_01,경상북도 안동시,120600.0
,,PF_0002768,PF_0002768_01,전라북도 고창군,110100.0
,,PF_0002769,PF_0002769_01,전라남도 해남군,100100.0
,,PF_0002770,PF_0002770_01,전라남도 무안군,120100.0
,,PF_0002771,PF_0002771_01,전라남도 해남군,100100.0
,,PF_0002772,PF_0002772_01,전라북도 고창군,110100.0
,,PF_0002773,PF_0002773_01,전라남도 해남군,100100.0
,,PF_0002774,PF_0002774_01,전라남도 해남군,100100.0
,,PF_0002775,PF_0002775_01,전라북도 고창군,110100.0
,,PF_0002776,PF_0002776_01,전라남도 무안군,120100.0
,,PF_0002777,PF_0002777_01,전라북도 고창군,110100.0
,,PF_0002778,PF_0002778_01,전라남도 무안군,120100.0
,,PF_0002779,PF_0002779_01,전라북도 고창군,110100.0
,,PF_0002780,PF_0002780_01,전라남도 무안군,120100.0
,,PF_0002781,PF_0002781_01,전라북도 고창군,110100.0
,,PF_0002783,PF_0002783_01,전라북도 고창군,110100.0
,,PF_0002784,PF_0002784_01,전라남도 무안군,120100.0
,,PF_0002785,PF_0002785_01,전라남도 무안군,120100.0
,,PF_0002786,PF_0002786_01,전라북도 고창군,110100.0
,,PF_0002788,PF_0002788_01,전라북도 고창군,110100.0
,,PF_0002789,PF_0002789_01,전라남도 무안군,120100.0
,,PF_0002790,PF_0002790_01,전라남도 해남군,100100.0
,,PF_0002791,PF_0002791_01,전라남도 해남군,100100.0
,,PF_0002792,PF_0002792_01,전라남도 해남군,100100.0
,,PF_0002793,PF_0002793_01,전라남도 해남군,100100.0
,,PF_0002794,PF_0002794_01,전라남도 해남군,100100.0
,,PF_0002795,PF_0002795_01,경상북도 안동시,120600.0
,,PF_0002796,PF_0002796_01,경상북도 안동시,120600.0
,,PF_0002797,PF_0002797_01,경상북도 안동시,120600.0
,,PF_0002798,PF_0002798_01,경상북도 안동시,120600.0
,,PF_0002884,PF_0002884_01,광주광역시 광산구,80400.0
,,PF_0006001,PF_0006001_01,전라남도 무안군,65900.0
,,PF_0006003,PF_0006003_01,전라남도 무안군,65900.0
,,PF_0006004,PF_0006004_01,전라남도 순천시,90100.0
,,PF_0006005,PF_0006005_01,전라남도 보성군,80400.0
,,PF_0006006,PF_0006006_01,전라남도 보성군,80400.0
,,PF_0006007,PF_0006007_01,전라남도 순천시,90100.0
,,PF_0006008,PF_0006008_01,전라남도 보성군,80400.0
,,PF_0006009,PF_0006009_01,전라남도 보성군,80400.0
,,PF_0006010,PF_0006010_01,전라남도 보성군,80400.0
,,PF_0006011,PF_0006011_01,전라남도 보성군,80400.0
,,PF_0006012,PF_0006012_01,경기도 여주군,80400.0
,,PF_0006013,PF_0006013_01,경기도 여주군,90300.0
,,PF_0006014,PF_0006014_01,경기도 여주군,90200.0
,,PF_0006015,PF_0006015_01,경기도 여주군,90200.0
,,PF_0006017,PF_0006017_01,경상남도 밀양시,120500.0
,,PF_0006018,PF_0006018_01,경상남도 양산시,80400.0
,,PF_0006019,PF_0006019_01,충청북도 진천군,80400.0
,,PF_0006020,PF_0006020_01,충청북도 청주시,80400.0
,,PF_0006021,PF_0006021_01,충청북도 옥천군,80400.0
,,PF_0006022,PF_0006022_01,충청북도 옥천군,80400.0
,,PF_0006023,PF_0006023_01,충청남도 예산군,80300.0
,,PF_0006024,PF_0006024_01,충청남도 예산군,80300.0
,,PF_0006025,PF_0006025_01,충청남도 예산군,80300.0
,,PF_0006026,PF_0006026_01,경상북도 상주시,60300.0
,,PF_0006027,PF_0006027_01,경상북도 상주시,60300.0
,,PF_0006028,PF_0006028_01,경상북도 김천시,90100.0
,,PF_0006029,PF_0006029_01,경상북도 상주시,90100.0
,,PF_0006030,PF_0006030_01,경상북도 상주시,90100.0
,,PF_0006031,PF_0006031_01,경상북도 상주시,90100.0
,,PF_0006032,PF_0006032_01,경상북도 상주시,80400.0
,,PF_0006033,PF_0006033_01,경상북도 상주시,80400.0
,,PF_0006034,PF_0006034_01,경상북도 상주시,90100.0
,,PF_0006036,PF_0006036_01,경상북도 상주시,60300.0
,,PF_0006037,PF_0006037_01,경상북도 상주시,60300.0
,,PF_0006038,PF_0006038_01,경상북도 김천시,80400.0
,,PF_0006039,PF_0006039_01,경상북도 김천시,80400.0
,,PF_0006040,PF_0006040_01,충청남도 아산시,80400.0
,,PF_0006041,PF_0006041_01,경상남도 밀양시,120500.0
,,PF_0006042,PF_0006042_01,부산광역시 강서구,80300.0
,,PF_0006043,PF_0006043_01,부산광역시 강서구,80300.0
,,PF_0006044,PF_0006044_01,경상남도 고성군,80300.0
,,PF_0006045,PF_0006045_01,부산광역시 강서구,80300.0
,,PF_0006046,PF_0006046_01,전라북도 정읍시,80300.0
,,PF_0006047,PF_0006047_01,전라북도 정읍시,80300.0
,,PF_0006305,PF_0006305_01,경상북도 청도군,80400.0
,,PF_0006306,PF_0006306_01,경상북도 고령군,80400.0
,,PF_0006307,PF_0006307_01,경상북도 고령군,80400.0
,,PF_0006308,PF_0006308_01,경상북도 고령군,80400.0
,,PF_0006309,PF_0006309_01,경상북도 고령군,80400.0
,,PF_0006310,PF_0006310_01,경상북도 고령군,80400.0
,,PF_0006311,PF_0006311_01,경상북도 고령군,80400.0
,,PF_0006312,PF_0006312_01,경상북도 고령군,80400.0
,,PF_0006313,PF_0006313_01,경상북도 고령군,80400.0
,,PF_0006314,PF_0006314_01,경상북도 고령군,80400.0
,,PF_0006315,PF_0006315_01,경상북도 고령군,80400.0
,,PF_0006317,PF_0006317_01,경상북도 고령군,80400.0
,,PF_0006318,PF_0006318_01,경상북도 고령군,80400.0
,,PF_0006319,PF_0006319_01,경상북도 고령군,80400.0
,,PF_0006320,PF_0006320_01,경상북도 고령군,80400.0
,,PF_0006321,PF_0006321_01,경상북도 고령군,80400.0
,,PF_0006322,PF_0006322_01,경상북도 고령군,80400.0
,,PF_0006323,PF_0006323_01,경상북도 구미시,80400.0
,,PF_0006324,PF_0006324_01,경상북도 김천시,80400.0
,,PF_0006325,PF_0006325_01,경상북도 김천시,80400.0
,,PF_0006326,PF_0006326_01,경상북도 김천시,80400.0
,,PF_0006327,PF_0006327_01,경상북도 안동시,80400.0
,,PF_0006328,PF_0006328_01,경상북도 청도군,80400.0
,,PF_0006329,PF_0006329_01,경상북도 경주시,80400.0
,,PF_0006331,PF_0006331_01,충청남도 논산시,80400.0
,,PF_0006332,PF_0006332_01,충청남도 공주시,80400.0
,,PF_0006333,PF_0006333_01,충청남도 금산군,80400.0
,,PF_0006334,PF_0006334_01,충청남도 논산시,80400.0
,,PF_0006335,PF_0006335_01,충청남도 논산시,80400.0
,,PF_0006336,PF_0006336_01,충청남도 논산시,80400.0
,,PF_0006337,PF_0006337_01,충청남도 논산시,80400.0
,,PF_0006338,PF_0006338_01,충청남도 논산시,80400.0
,,PF_0006339,PF_0006339_01,충청남도 논산시,80400.0
,,PF_0006340,PF_0006340_01,전라북도 김제시,80400.0
,,PF_0006341,PF_0006341_01,전라북도 완주군,80400.0
,,PF_0006342,PF_0006342_01,전라북도 완주군,80400.0
,,PF_0006343,PF_0006343_01,전라북도 익산시,80400.0
,,PF_0006344,PF_0006344_01,전라북도 고창군,80400.0
,,PF_0006345,PF_0006345_01,전라북도 고창군,80400.0
,,PF_0006346,PF_0006346_01,전라북도 고창군,80400.0
,,PF_0006347,PF_0006347_01,전라북도 고창군,80400.0
,,PF_0006348,PF_0006348_01,전라남도 강진군,80400.0
,,PF_0006349,PF_0006349_01,전라남도 담양군,80400.0
,,PF_0006350,PF_0006350_01,전라남도 담양군,80400.0
,,PF_0006351,PF_0006351_01,전라남도 담양군,80400.0
,,PF_0006352,PF_0006352_01,전라남도 담양군,80400.0
,,PF_0006353,PF_0006353_01,전라남도 장성군,80400.0
,,PF_0006354,PF_0006354_01,전라남도 장성군,80400.0
,,PF_0006355,PF_0006355_01,전라남도 장성군,80400.0
,,PF_0006356,PF_0006356_01,경상남도 거창군,80400.0
,,PF_0006357,PF_0006357_01,경상남도 사천시,80400.0
,,PF_0006358,PF_0006358_01,경상남도 밀양시,80400.0
,,PF_0006359,PF_0006359_01,경상남도 진주시,80400.0
,,PF_0006360,PF_0006360_01,경상남도 진주시,80400.0
,,PF_0006361,PF_0006361_01,경상남도 하동군,80400.0
,,PF_0006362,PF_0006362_01,경상남도 하동군,80400.0
,,PF_0006363,PF_0006363_01,경상남도 합천군,80400.0
,,PF_0006364,PF_0006364_01,충청남도 논산시,80400.0
,,PF_0006365,PF_0006365_01,충청남도 논산시,80400.0
,,PF_0006366,PF_0006366_01,충청남도 논산시,80400.0
,,PF_0006367,PF_0006367_01,전라남도 곡성군,80400.0
,,PF_0006368,PF_0006368_01,전라남도 곡성군,80400.0
,,PF_0006369,PF_0006369_01,전라남도 곡성군,80400.0
,,PF_0006370,PF_0006370_01,전라북도 정읍시,80400.0
,,PF_0006401,PF_0006401_01,경상북도 고령군,80400.0
,,PF_0006402,PF_0006402_01,경상북도 김천시,60300.0
,,PF_0006403,PF_0006403_01,경상북도 칠곡군,80200.0
,,PF_0006404,PF_0006404_01,경상북도 경산시,80300.0
,,PF_0006405,PF_0006405_01,경상북도 칠곡군,80200.0
,,PF_0006406,PF_0006406_01,경상북도 칠곡군,80200.0
,,PF_0006407,PF_0006407_01,경상북도 칠곡군,80200.0
,,PF_0006408,PF_0006408_01,경상북도 성주군,80200.0
,,PF_0006409,PF_0006409_01,경상북도 성주군,80200.0
,,PF_0006410,PF_0006410_01,경상북도 성주군,80200.0
,,PF_0006411,PF_0006411_01,경상북도 칠곡군,60300.0
,,PF_0006412,PF_0006412_01,경상북도 칠곡군,80300.0
,,PF_0006413,PF_0006413_01,경상북도 고령군,80400.0
,,PF_0006414,PF_0006414_01,경상북도 칠곡군,80300.0
,,PF_0006415,PF_0006415_01,경상북도 칠곡군,80300.0
,,PF_0006602,PF_0006602_01,경기도 화성시,60300.0
,,PF_0006603,PF_0006603_01,경기도 화성시,60300.0
,,PF_0006604,PF_0006604_01,경기도 화성시,60300.0
,,PF_0006605,PF_0006605_01,경기도 화성시,60300.0
,,PF_0006606,PF_0006606_01,경기도 화성시,60300.0
,,PF_0006607,PF_0006607_01,경기도 화성시,60300.0
,,PF_0006608,PF_0006608_01,경기도 화성시,60300.0
,,PF_0006609,PF_0006609_01,경기도 화성시,60300.0
,,PF_0006610,PF_0006610_01,경기도 화성시,60300.0
,,PF_0006611,PF_0006611_01,경기도 화성시,60300.0
,,PF_0006612,PF_0006612_01,경기도 화성시,60300.0
,,PF_0006613,PF_0006613_01,경기도 화성시,60300.0
,,PF_0006614,PF_0006614_01,경기도 화성시,60300.0
,,PF_0006615,PF_0006615_01,경기도 화성시,60300.0
,,PF_0006616,PF_0006616_01,경기도 화성시,60300.0
,,PF_0006617,PF_0006617_01,경기도 화성시,60300.0
,,PF_0006618,PF_0006618_01,경기도 화성시,60300.0
,,PF_0006619,PF_0006619_01,경기도 화성시,60300.0
,,PF_0006620,PF_0006620_01,경기도 화성시,60300.0
,,PF_0006621,PF_0006621_01,경기도 화성시,60300.0
,,PF_0006622,PF_0006622_01,경기도 화성시,60300.0
,,PF_0006623,PF_0006623_01,경기도 화성시,60300.0
,,PF_0006624,PF_0006624_01,경기도 화성시,60300.0
,,PF_0006625,PF_0006625_01,경기도 화성시,60300.0
,,PF_0006626,PF_0006626_01,경기도 화성시,60300.0
,,PF_0006627,PF_0006627_01,경기도 화성시,60300.0
,,PF_0006628,PF_0006628_01,경기도 화성시,60300.0
,,PF_0006629,PF_0006629_01,경기도 화성시,60300.0
,,PF_0006630,PF_0006630_01,경기도 화성시,60300.0
,,PF_0006631,PF_0006631_01,경기도 화성시,60300.0
,,PF_0006632,PF_0006632_01,경기도 화성시,60300.0
,,PF_0006633,PF_0006633_01,경기도 화성시,60300.0
,,PF_0006634,PF_0006634_01,경기도 화성시,60300.0
,,PF_0006635,PF_0006635_01,경기도 화성시,60300.0
,,PF_0006636,PF_0006636_01,경기도 화성시,60300.0
,,PF_0006637,PF_0006637_01,경기도 화성시,60300.0
,,PF_0006638,PF_0006638_01,경기도 화성시,60300.0
,,PF_0006639,PF_0006639_01,경기도 화성시,60300.0
,,PF_0006640,PF_0006640_01,경기도 화성시,60300.0
,,PF_0006641,PF_0006641_01,경기도 화성시,60300.0
,,PF_0006642,PF_0006642_01,경기도 화성시,60300.0
,,PF_0006643,PF_0006643_01,경기도 화성시,60300.0
,,PF_0006644,PF_0006644_01,경기도 화성시,60300.0
,,PF_0006645,PF_0006645_01,경기도 화성시,60300.0
,,PF_0006646,PF_0006646_01,경기도 화성시,60300.0
,,PF_0006647,PF_0006647_01,경기도 안양시 동안구,60300.0
,,PF_0010002,PF_0010002_01,경상남도 창원시,132600.0
,,PF_0010003,PF_0010003_01,경상북도 경주시,80400.0
,,PF_0010004,PF_0010004_01,경상북도 상주시,90100.0
,,PF_0010006,PF_0010006_01,경상북도 성주군,80200.0
,,PF_0010008,PF_0010008_01,경상북도 포항시 북구,80400.0
,,PF_0010011,PF_0010011_01,전라북도 남원시,80400.0
,,PF_0010012,PF_0010012_01,전라북도 남원시,132600.0
,,PF_0010014,PF_0010014_01,전라북도 임실군,80300.0
,,PF_0010016,PF_0010016_01,전라북도 장수군,80300.0
,,PF_0010019,PF_0010019_01,전라북도 정읍시,80300.0
,,PF_0010020,PF_0010020_01,전라북도 정읍시,80300.0
,,PF_0010021,PF_0010021_01,전라북도 정읍시,80400.0
,,PF_0010022,PF_0010022_01,전라북도 정읍시,80300.0
,,PF_0010051,PF_0010051_01,전라남도 광양시,132600.0
,,PF_0010052,PF_0010052_01,전라남도 화순군,80400.0
,,PF_0010054,PF_0010054_01,전라북도 임실군,80300.0
,,PF_0010055,PF_0010055_01,충청남도 부여군,80300.0
,,PF_0010056,PF_0010056_01,충청남도 부여군,80300.0
,,PF_0010057,PF_0010057_01,충청남도 부여군,80300.0
,,PF_0010059,PF_0010059_01,경상남도 사천시,80300.0
,,PF_0010060,PF_0010060_01,경상남도 산청군,80400.0
,,PF_0010063,PF_0010063_01,경상북도 상주시,90100.0
,,PF_0010064,PF_0010064_01,경상북도 상주시,60300.0
,,PF_0010065,PF_0010065_01,전라남도 화순군,80400.0
,,PF_0010066,PF_0010066_01,전라북도 정읍시,80300.0
,,PF_0010067,PF_0010067_01,전라북도 남원시,132600.0
,,PF_0010068,PF_0010068_01,전라북도 진안군,80300.0
,,PF_0010069,PF_0010069_01,전라북도 김제시,80400.0
,,PF_0010070,PF_0010070_01,충청남도 부여군,132600.0
,,PF_0010071,PF_0010071_01,충청남도 부여군,80300.0
,,PF_0010072,PF_0010072_01,충청남도 부여군,132600.0
,,PF_0010073,PF_0010073_01,충청남도 부여군,132600.0
,,PF_0010074,PF_0010074_01,충청남도 부여군,132600.0
,,PF_0010075,PF_0010075_01,전라북도 김제시,80300.0
,,PF_0010076,PF_0010076_01,전라북도 김제시,80300.0
,,PF_0010077,PF_0010077_01,충청남도 부여군,80300.0
,,PF_0010078,PF_0010078_01,전라북도 임실군,80600.0
,,PF_0020046,PF_0020046_01,전라남도 영암군,80400.0
,,PF_0020062,PF_0020062_01,전라남도 담양군,80400.0
,,PF_0020074,PF_0020074_01,충청남도 부여군,80300.0
,,PF_0020085,PF_0020085_01,전라북도 김제시,80400.0
,,PF_0020124,PF_0020124_01,전라북도 부안군,80400.0
,,PF_0020353,PF_0020353_01,충청북도 보은군,80300.0
,,PF_0020354,PF_0020354_01,충청남도 보령시,80400.0
,,PF_0020355,PF_0020355_01,경기도 안성시,90300.0
,,PF_0020356,PF_0020356_01,경상남도 사천시,80300.0
,,PF_0020394,PF_0020394_01,전라남도 보성군,80400.0
,,PF_0020466,PF_0020466_01,,80400.0
,,PF_0020467,PF_0020467_01,,80400.0
,,PF_0020468,PF_0020468_01,,80400.0
,,PF_0020469,PF_0020469_01,,80400.0
,,PF_0020470,PF_0020470_01,,80400.0
,,PF_0020471,PF_0020471_01,,80400.0
,,PF_0020472,PF_0020472_01,,80400.0
,,PF_0020473,PF_0020473_01,,80400.0
,,PF_0020474,PF_0020474_01,,80400.0
,,PF_0020475,PF_0020475_01,,80400.0
,,PF_0020476,PF_0020476_01,,80400.0
,,PF_0020477,PF_0020477_01,,80400.0
,,PF_0020478,PF_0020478_01,,80400.0
,,PF_0020479,PF_0020479_01,,80400.0
,,PF_0020480,PF_0020480_01,,80400.0
,,PF_0020481,PF_0020481_01,,80400.0
,,PF_0020482,PF_0020482_01,,80400.0
,,PF_0020483,PF_0020483_01,,80400.0
,,PF_0020484,PF_0020484_01,,80400.0
,,PF_0020485,PF_0020485_01,,80400.0
,,PF_0020486,PF_0020486_01,,80400.0
,,PF_0020487,PF_0020487_01,,80400.0
,,PF_0020488,PF_0020488_01,,80400.0
,,PF_0020489,PF_0020489_01,,80400.0
,,PF_0020490,PF_0020490_01,,80400.0
,,PF_0020491,PF_0020491_01,,80400.0
,,PF_0020492,PF_0020492_01,,80400.0
,,PF_0020493,PF_0020493_01,,80400.0
,,PF_0020494,PF_0020494_01,,80400.0
,,PF_0020495,PF_0020495_01,,80400.0
,,PF_0020496,PF_0020496_01,,80400.0
,,PF_0020497,PF_0020497_01,,80400.0
,,PF_0020498,PF_0020498_01,,80400.0
,,PF_0020499,PF_0020499_01,,80400.0
,,PF_0020500,PF_0020500_01,,80400.0
,,PF_0020501,PF_0020501_01,,80400.0
,,PF_0020502,PF_0020502_01,,80400.0
,,PF_0020503,PF_0020503_01,,80400.0
,,PF_0020504,PF_0020504_01,,80400.0
,,PF_0020505,PF_0020505_01,,80400.0
,,PF_0020506,PF_0020506_01,,80400.0
,,PF_0020507,PF_0020507_01,,80400.0
,,PF_0020508,PF_0020508_01,,80400.0
,,PF_0020509,PF_0020509_01,,80400.0
,,PF_0020510,PF_0020510_01,,80400.0
,,PF_0020511,PF_0020511_01,,80400.0
,,PF_0020512,PF_0020512_01,,80400.0
,,PF_0020513,PF_0020513_01,,80400.0
,,PF_0020514,PF_0020514_01,,80400.0
,,PF_0020515,PF_0020515_01,,80400.0
,,PF_0020516,PF_0020516_01,,80400.0
,,PF_0020517,PF_0020517_01,,80400.0
,,PF_0020518,PF_0020518_01,,80400.0
,,PF_0020519,PF_0020519_01,,80400.0
,,PF_0020520,PF_0020520_01,,80400.0
,,PF_0020521,PF_0020521_01,,80400.0
,,PF_0020522,PF_0020522_01,,80400.0
,,PF_0020523,PF_0020523_01,,80400.0
,,PF_0020524,PF_0020524_01,,80400.0
,,PF_0020525,PF_0020525_01,,80400.0
,,PF_0020526,PF_0020526_01,,80400.0
,,PF_0020527,PF_0020527_01,,80400.0
,,PF_0020528,PF_0020528_01,,80400.0
,,PF_0020529,PF_0020529_01,,80400.0
,,PF_0020530,PF_0020530_01,,80400.0
,,PF_0020531,PF_0020531_01,,80400.0
,,PF_0020532,PF_0020532_01,,80400.0
,,PF_0020533,PF_0020533_01,,80400.0
,,PF_0020534,PF_0020534_01,,80400.0
,,PF_0020535,PF_0020535_01,,80400.0
,,PF_0020536,PF_0020536_01,,80400.0
,,PF_0020537,PF_0020537_01,,80400.0
,,PF_0020538,PF_0020538_01,,80400.0
,,PF_0020539,PF_0020539_01,,80400.0
,,PF_0020540,PF_0020540_01,,80400.0
,,PF_0020541,PF_0020541_01,,80400.0
,,PF_0020542,PF_0020542_01,,80400.0
,,PF_0020543,PF_0020543_01,,80400.0
,,PF_0020544,PF_0020544_01,,80400.0
,,PF_0020545,PF_0020545_01,,80400.0
,,PF_0020546,PF_0020546_01,,80400.0
,,PF_0020547,PF_0020547_01,,80400.0
,,PF_0020548,PF_0020548_01,,80400.0
,,PF_0020549,PF_0020549_01,,80400.0
,,PF_0020550,PF_0020550_01,,80400.0
,,PF_0020551,PF_0020551_01,,80400.0
,,PF_0020656,PF_0020656_01,충청남도 천안시,90100.0
,,PF_0020671,PF_0020671_01,경기도 안산시,80300.0
,,PF_0020672,PF_0020672_01,전라남도 담양군,80400.0
,,PF_0020673,PF_0020673_01,전라남도 담양군,80400.0
,,PF_0020674,PF_0020674_01,전라남도 담양군,80400.0
,,PF_0020675,PF_0020675_01,경기도 연천군,80400.0
,,PF_0020676,PF_0020676_01,경기도 양주시,80400.0
,,PF_0020677,PF_0020677_01,전라남도 고흥군,80400.0
,,PF_0020678,PF_0020678_01,경기도 화성시,80400.0
,,PF_0020679,PF_0020679_01,전라남도 보성군,80400.0
,,PF_0020680,PF_0020680_01,경기도 화성시,80400.0
,,PF_0020681,PF_0020681_01,전라남도 보성군,80400.0
,,PF_0020683,PF_0020683_01,전라남도 보성군,80400.0
,,PF_0020685,PF_0020685_01,전라남도 강진군,80400.0
,,PF_0020686,PF_0020686_01,경기도 안산시,80400.0
,,PF_0020687,PF_0020687_01,전라남도 영암군,80400.0
,,PF_0020688,PF_0020688_01,경기도 화성시,80400.0
,,PF_0020689,PF_0020689_01,충청남도 홍성군,80400.0
,,PF_0020694,PF_0020694_01,충청남도 아산시,80400.0
,,PF_0020696,PF_0020696_01,경상북도 청도군,80400.0
,,PF_0020697,PF_0020697_01,충청북도 진천군,80400.0
,,PF_0020698,PF_0020698_01,충청북도 진천군,80400.0
,,PF_0020699,PF_0020699_01,대전광역시 유성구,80400.0
,,PF_0020701,PF_0020701_01,전라남도 화순군,80300.0
,,PF_0020702,PF_0020702_01,전라남도 나주시,80400.0
,,PF_0020703,PF_0020703_01,광주광역시 광산구,80300.0
,,PF_0020704,PF_0020704_01,전라남도 장성군,80400.0
,,PF_0020705,PF_0020705_01,충청남도 천안시,80400.0
,,PF_0020712,PF_0020712_01,강원도 철원군,132600.0
,,PF_0020713,PF_0020713_01,강원도 철원군,132600.0
,,PF_0020714,PF_0020714_01,강원도 철원군,132600.0
,,PF_0020716,PF_0020716_01,강원도 철원군,132600.0
,,PF_0020717,PF_0020717_01,경기도 광주시,80400.0
,,PF_0020719,PF_0020719_01,경상남도 진주시,80400.0
,,PF_0020720,PF_0020720_01,경상남도 의령군,132600.0
,,PF_0020721,PF_0020721_01,경상남도 의령군,132600.0
,,PF_0020722,PF_0020722_01,경상남도 의령군,132600.0
,,PF_0020724,PF_0020724_01,경상북도 경주시,80300.0
,,PF_0020725,PF_0020725_01,경상북도 고령군,80300.0
,,PF_0020727,PF_0020727_01,전라남도 영광군,80400.0
,,PF_0020728,PF_0020728_01,전라북도 김제시,80400.0
,,PF_0020729,PF_0020729_01,전라북도 부안군,80400.0
,,PF_0020730,PF_0020730_01,전라북도 부안군,80400.0
,,PF_0020731,PF_0020731_01,전라북도 완주군,80400.0
,,PF_0020732,PF_0020732_01,전라북도 김제시,80400.0
,,PF_0020733,PF_0020733_01,전라북도 김제시,80400.0
,,PF_0020734,PF_0020734_01,충청남도 보령시,80400.0
,,PF_0020736,PF_0020736_01,경기도 평택시,90100.0
,,PF_0020738,PF_0020738_01,경기도 평택시,80300.0
,,PF_0020745,PF_0020745_01,전라북도 김제시,80300.0
,,PF_0020747,PF_0020747_01,전라남도 담양군,80400.0
,,PF_0020748,PF_0020748_01,전라남도 화순군,80300.0
,,PF_0020749,PF_0020749_01,전라남도 나주시,80300.0
,,PF_0020756,PF_0020756_01,전라북도 남원시,132600.0
,,PF_0020757,PF_0020757_01,전라남도 화순군,90100.0
,,PF_0020758,PF_0020758_01,전라남도 영광군,80300.0
,,PF_0020760,PF_0020760_01,전라북도 진안군,80300.0
,,PF_0020761,PF_0020761_01,전라남도 함평군,80300.0
,,PF_0020762,PF_0020762_01,충청남도 부여군,90100.0
,,PF_0020763,PF_0020763_01,충청남도 부여군,80300.0
,,PF_0020800,PF_0020800_01,전라북도 부안군,120900.0
,,PF_0020801,PF_0020801_01,전라북도 부안군,120900.0
,,PF_0020802,PF_0020802_01,전라북도 부안군,120900.0
,,PF_0020803,PF_0020803_01,전라북도 부안군,120900.0
,,PF_0020804,PF_0020804_01,전라북도 부안군,120900.0
,,PF_0020805,PF_0020805_01,전라북도 부안군,120900.0
,,PF_0020806,PF_0020806_01,전라북도 부안군,120900.0
,,PF_0020807,PF_0020807_01,전라북도 부안군,120900.0
,,PF_0020808,PF_0020808_01,전라북도 부안군,120900.0
,,PF_0020809,PF_0020809_01,전라북도 부안군,120900.0
,,PF_0020810,PF_0020810_01,전라북도 부안군,120900.0
,,PF_0020811,PF_0020811_01,전라북도 부안군,120900.0
,,PF_0020812,PF_0020812_01,전라북도 부안군,120900.0
,,PF_0020813,PF_0020813_01,충청북도 제천시,60100.0
,,PF_0020814,PF_0020814_01,충청북도 제천시,60100.0
,,PF_0020815,PF_0020815_01,충청북도 제천시,60100.0
,,PF_0020816,PF_0020816_01,충청북도 제천시,60100.0
,,PF_0020817,PF_0020817_01,충청북도 제천시,60100.0
,,PF_0020818,PF_0020818_01,충청북도 제천시,60100.0
,,PF_0020819,PF_0020819_01,충청북도 제천시,60100.0
,,PF_0020820,PF_0020820_01,충청북도 제천시,60100.0
,,PF_0020821,PF_0020821_01,충청북도 제천시,60100.0
,,PF_0020822,PF_0020822_01,충청북도 제천시,60100.0
,,PF_0020823,PF_0020823_01,충청북도 제천시,60100.0
,,PF_0020824,PF_0020824_01,충청북도 제천시,60100.0
,,PF_0020825,PF_0020825_01,충청북도 제천시,60100.0
,,PF_0020826,PF_0020826_01,충청북도 청원군,60100.0
,,PF_0020827,PF_0020827_01,충청북도 청원군,60100.0
,,PF_0020828,PF_0020828_01,충청북도 청원군,60100.0
,,PF_0020829,PF_0020829_01,충청북도 청원군,60100.0
,,PF_0020830,PF_0020830_01,충청북도 청원군,60100.0
,,PF_0020831,PF_0020831_01,충청북도 청원군,60100.0
,,PF_0020832,PF_0020832_01,충청북도 청원군,60100.0
,,PF_0020833,PF_0020833_01,충청북도 청원군,60100.0
,,PF_0020834,PF_0020834_01,충청북도 청원군,60100.0
,,PF_0020835,PF_0020835_01,충청북도 청원군,60100.0
,,PF_0020836,PF_0020836_01,충청북도 청원군,60100.0
,,PF_0020837,PF_0020837_01,충청북도 청원군,60100.0
,,PF_0020838,PF_0020838_01,충청북도 청원군,60100.0
,,PF_0020839,PF_0020839_01,충청북도 청원군,60100.0
,,PF_0020840,PF_0020840_01,충청북도 청원군,60100.0
,,PF_0020841,PF_0020841_01,전라남도 장흥군,65900.0
,,PF_0020842,PF_0020842_01,전라남도 장흥군,65900.0
,,PF_0020843,PF_0020843_01,전라남도 장흥군,65900.0
,,PF_0020844,PF_0020844_01,전라남도 장흥군,65900.0
,,PF_0020845,PF_0020845_01,전라남도 장흥군,65900.0
,,PF_0020846,PF_0020846_01,전라남도 장흥군,65900.0
,,PF_0020847,PF_0020847_01,전라남도 장흥군,65900.0
,,PF_0020848,PF_0020848_01,전라남도 장흥군,65900.0
,,PF_0020849,PF_0020849_01,전라남도 장흥군,65900.0
,,PF_0020850,PF_0020850_01,전라남도 장흥군,65900.0
,,PF_0020851,PF_0020851_01,전라남도 장흥군,65900.0
,,PF_0020852,PF_0020852_01,전라남도 장흥군,65900.0
,,PF_0020853,PF_0020853_01,전라남도 장흥군,65900.0
,,PF_0020854,PF_0020854_01,전라남도 장흥군,65900.0
,,PF_0020855,PF_0020855_01,전라남도 장흥군,65900.0
,,PF_0020856,PF_0020856_01,전라남도 장흥군,65900.0
,,PF_0020857,PF_0020857_01,전라남도 무안군,120100.0
,,PF_0020858,PF_0020858_01,전라남도 무안군,120100.0
,,PF_0020859,PF_0020859_01,전라남도 무안군,120100.0
,,PF_0020860,PF_0020860_01,전라남도 무안군,120100.0
,,PF_0020861,PF_0020861_01,전라남도 무안군,120100.0
,,PF_0020862,PF_0020862_01,전라남도 무안군,120100.0
,,PF_0020863,PF_0020863_01,전라남도 무안군,120100.0
,,PF_0020864,PF_0020864_01,전라남도 무안군,120100.0
,,PF_0020865,PF_0020865_01,전라남도 무안군,120100.0
,,PF_0020866,PF_0020866_01,전라남도 무안군,120100.0
,,PF_0020867,PF_0020867_01,전라남도 무안군,120100.0
,,PF_0020868,PF_0020868_01,전라남도 무안군,120100.0
,,PF_0020869,PF_0020869_01,전라남도 무안군,120100.0
,,PF_0020870,PF_0020870_01,전라남도 무안군,120100.0
,,PF_0020871,PF_0020871_01,전라남도 무안군,120100.0
,,PF_0020872,PF_0020872_01,전라남도 무안군,120100.0
,,PF_0020873,PF_0020873_01,전라남도 무안군,120100.0
,,PF_0020874,PF_0020874_01,전라남도 무안군,120100.0
,,PF_0020875,PF_0020875_01,전라남도 무안군,120100.0
,,PF_0020876,PF_0020876_01,전라남도 무안군,120100.0
,,PF_0020877,PF_0020877_01,전라남도 무안군,120100.0
,,PF_0020878,PF_0020878_01,전라남도 영광군,120200.0
,,PF_0020879,PF_0020879_01,전라남도 영광군,120200.0
,,PF_0020880,PF_0020880_01,전라남도 영광군,120200.0
,,PF_0020881,PF_0020881_01,전라남도 영광군,120200.0
,,PF_0020882,PF_0020882_01,전라남도 영광군,120200.0
,,PF_0020883,PF_0020883_01,전라남도 영광군,120200.0
,,PF_0020884,PF_0020884_01,전라남도 영광군,120200.0
,,PF_0020885,PF_0020885_01,전라남도 영광군,120200.0
,,PF_0020886,PF_0020886_01,전라남도 영광군,120200.0
,,PF_0020887,PF_0020887_01,전라남도 영광군,120200.0
,,PF_0020888,PF_0020888_01,전라남도 영광군,120200.0
,,PF_0020889,PF_0020889_01,전라남도 영광군,120200.0
,,PF_0020890,PF_0020890_01,전라남도 영광군,120200.0
,,PF_0020891,PF_0020891_01,전라남도 영광군,120200.0
,,PF_0020892,PF_0020892_01,전라남도 영광군,120200.0
,,PF_0020893,PF_0020893_01,전라남도 영광군,120200.0
,,PF_0020894,PF_0020894_01,전라남도 영광군,120200.0
,,PF_0020895,PF_0020895_01,전라남도 영광군,120200.0
,,PF_0020896,PF_0020896_01,전라남도 영광군,120200.0
,,PF_0020897,PF_0020897_01,전라남도 신안군,120200.0
,,PF_0020898,PF_0020898_01,전라남도 신안군,120200.0
,,PF_0020899,PF_0020899_01,전라남도 신안군,120200.0
,,PF_0020900,PF_0020900_01,전라남도 신안군,120200.0
,,PF_0020901,PF_0020901_01,전라남도 신안군,120200.0
,,PF_0020902,PF_0020902_01,전라남도 신안군,120200.0
,,PF_0020903,PF_0020903_01,전라남도 신안군,120200.0
,,PF_0020904,PF_0020904_01,전라남도 신안군,120200.0
,,PF_0020905,PF_0020905_01,전라남도 신안군,120200.0
,,PF_0020906,PF_0020906_01,전라남도 신안군,120200.0
,,PF_0020907,PF_0020907_01,전라남도 신안군,120200.0
,,PF_0020908,PF_0020908_01,전라남도 신안군,120200.0
,,PF_0020909,PF_0020909_01,전라남도 신안군,120200.0
,,PF_0020910,PF_0020910_01,전라남도 신안군,120200.0
,,PF_0020911,PF_0020911_01,전라남도 신안군,120200.0
,,PF_0020912,PF_0020912_01,전라남도 신안군,120200.0
,,PF_0020913,PF_0020913_01,전라남도 신안군,120200.0
,,PF_0020914,PF_0020914_01,전라남도 신안군,120200.0
,,PF_0020915,PF_0020915_01,전라남도 신안군,120200.0
,,PF_0020916,PF_0020916_01,전라남도 신안군,120200.0
,,PF_0020917,PF_0020917_01,제주특별자치도 제주시,61400.0
,,PF_0020918,PF_0020918_01,제주특별자치도 서귀포시,61400.0
,,PF_0020919,PF_0020919_01,제주특별자치도 서귀포시,61400.0
,,PF_0020920,PF_0020920_01,제주특별자치도 서귀포시,61400.0
,,PF_0020921,PF_0020921_01,제주특별자치도 제주시,61400.0
,,PF_0020922,PF_0020922_01,제주특별자치도 서귀포시,61400.0
,,PF_0020923,PF_0020923_01,제주특별자치도 서귀포시,61400.0
,,PF_0020924,PF_0020924_01,제주특별자치도 제주시,61400.0
,,PF_0020925,PF_0020925_01,제주특별자치도 서귀포시,61400.0
,,PF_0020926,PF_0020926_01,제주특별자치도 서귀포시,61400.0
,,PF_0020927,PF_0020927_01,강원도 태백시,100100.0
,,PF_0020928,PF_0020928_01,강원도 태백시,100100.0
,,PF_0020929,PF_0020929_01,강원도 태백시,100100.0
,,PF_0020930,PF_0020930_01,강원도 태백시,100100.0
,,PF_0020931,PF_0020931_01,강원도 태백시,100100.0
,,PF_0020932,PF_0020932_01,강원도 평창군,100100.0
,,PF_0020933,PF_0020933_01,강원도 평창군,100100.0
,,PF_0020934,PF_0020934_01,강원도 평창군,100100.0
,,PF_0020935,PF_0020935_01,강원도 평창군,100100.0
,,PF_0020936,PF_0020936_01,강원도 평창군,100100.0
,,PF_0020937,PF_0020937_01,강원도 평창군,100100.0
,,PF_0020938,PF_0020938_01,강원도 평창군,100100.0
,,PF_0020939,PF_0020939_01,강원도 평창군,100100.0
,,PF_0020940,PF_0020940_01,강원도 평창군,100100.0
,,PF_0020941,PF_0020941_01,강원도 평창군,100100.0
,,PF_0020942,PF_0020942_01,충청북도 옥천군,60400.0
,,PF_0020943,PF_0020943_01,충청북도 옥천군,60400.0
,,PF_0020944,PF_0020944_01,충청북도 옥천군,60400.0
,,PF_0020945,PF_0020945_01,충청북도 옥천군,60400.0
,,PF_0020946,PF_0020946_01,충청북도 옥천군,60400.0
,,PF_0020947,PF_0020947_01,충청북도 옥천군,60400.0
,,PF_0020948,PF_0020948_01,충청북도 옥천군,60400.0
,,PF_0020949,PF_0020949_01,충청북도 옥천군,60400.0
,,PF_0020950,PF_0020950_01,충청북도 옥천군,60400.0
,,PF_0020951,PF_0020951_01,충청북도 옥천군,60400.0
,,PF_0020952,PF_0020952_01,충청북도 옥천군,60400.0
,,PF_0020953,PF_0020953_01,충청북도 옥천군,60400.0
,,PF_0020954,PF_0020954_01,충청북도 옥천군,60400.0
,,PF_0020955,PF_0020955_01,충청북도 옥천군,60400.0
,,PF_0020956,PF_0020956_01,충청북도 옥천군,60400.0
,,PF_0020957,PF_0020957_01,경기도 파주시,30100.0
,,PF_0020958,PF_0020958_01,경기도 파주시,30100.0
,,PF_0020959,PF_0020959_01,경기도 파주시,30100.0
,,PF_0020960,PF_0020960_01,경기도 파주시,30100.0
,,PF_0020961,PF_0020961_01,경기도 파주시,30100.0
,,PF_0020962,PF_0020962_01,경기도 파주시,30100.0
,,PF_0020963,PF_0020963_01,경기도 파주시,30100.0
,,PF_0020964,PF_0020964_01,경기도 파주시,30100.0
,,PF_0020965,PF_0020965_01,경기도 파주시,30100.0
,,PF_0020968,PF_0020968_01,전라북도 임실군,80300.0
,,PF_0020974,PF_0020974_01,경기도 여주시,80300.0
,,PF_0020975,PF_0020975_01,충청남도 부여군,80400.0
,,PF_0020977,PF_0020977_01,경상남도 하동군,80400.0
,,PF_0020994,PF_0020994_01,경기도 안성시,90100.0
,,PF_0021128,PF_0021128_01,경상북도 군위군,80400.0
,,PF_0022077,PF_0022077_01,광주광역시 광산구,80300.0
,,PF_0022078,PF_0022078_01,전라남도 화순군,80300.0
,,PF_0022079,PF_0022079_01,전라남도 화순군,80300.0
,,PF_0022080,PF_0022080_01,광주광역시 광산구,80300.0
,,PF_0022081,PF_0022081_01,전라남도 나주시,80300.0
,,PF_0022082,PF_0022082_01,전라남도 나주시,80300.0
,,PF_0022083,PF_0022083_01,전라남도 담양군,80300.0
,,PF_0022084,PF_0022084_01,전라남도 화순군,80300.0
,,PF_0022085,PF_0022085_01,전라남도 보성군,80300.0
,,PF_0022087,PF_0022087_01,전라남도 보성군,80400.0
,,PF_0022089,PF_0022089_01,전라남도 보성군,80400.0
,,PF_0022090,PF_0022090_01,전라남도 보성군,80400.0
,,PF_0022091,PF_0022091_01,전라남도 보성군,80400.0
,,PF_0022092,PF_0022092_01,전라남도 보성군,80300.0
,,PF_0022093,PF_0022093_01,전라남도 순천시,90100.0
,,PF_0022094,PF_0022094_01,전라남도 영광군,80300.0
,,PF_0022095,PF_0022095_01,전라남도 순천시,90100.0
,,PF_0022097,PF_0022097_01,전라남도 영암군,80300.0
,,PF_0022098,PF_0022098_01,전라남도 영암군,80300.0
,,PF_0022099,PF_0022099_01,전라북도 부안군,80400.0
,,PF_0022100,PF_0022100_01,전라남도 장흥군,80300.0
,,PF_0022101,PF_0022101_01,전라북도 부안군,80300.0
,,PF_0022102,PF_0022102_01,전라남도 화순군,80300.0
,,PF_0022103,PF_0022103_01,전라북도 부안군,80400.0
,,PF_0022105,PF_0022105_01,충청북도 청주시,80400.0
,,PF_0022106,PF_0022106_01,충청북도 증평군,80400.0
,,PF_0022108,PF_0022108_01,충청북도 옥천군,80400.0
,,PF_0022109,PF_0022109_01,충청북도 보은군,80300.0
,,PF_0022116,PF_0022116_01,전라북도 군산시,80300.0
,,PF_0022117,PF_0022117_01,전라남도 화순군,80300.0
,,PF_0022119,PF_0022119_01,강원도 철원군,132600.0
,,PF_0022120,PF_0022120_01,강원도 철원군,80300.0
,,PF_0022121,PF_0022121_01,전라남도 화순군,80300.0
,,PF_0022122,PF_0022122_01,강원도 철원군,80300.0
,,PF_0022125,PF_0022125_01,전라남도 고흥군,80300.0
,,PF_0022126,PF_0022126_01,전라남도 고흥군,80400.0
,,PF_0022127,PF_0022127_01,경상북도 경주시,80300.0
,,PF_0022128,PF_0022128_01,경상남도 밀양시,80400.0
,,PF_0022129,PF_0022129_01,경기도 평택시,90100.0
,,PF_0022130,PF_0022130_01,경기도 김포시,90100.0
,,PF_0022131,PF_0022131_01,경기도 광주시,80400.0
,,PF_0022132,PF_0022132_01,강원도 철원군,132600.0
,,PF_0022133,PF_0022133_01,강원도 철원군,132600.0
,,PF_0022160,PF_0022160_01,전라남도 화순군,80400.0
,,PF_0022161,PF_0022161_01,전라북도 임실군,80300.0
,,PF_0022235,PF_0022235_01,전라북도 임실군,80300.0
,,PF_0022356,PF_0022356_01,세종특별자치시,80300.0
,,PF_0022357,PF_0022357_01,세종특별자치시,80400.0
,,PF_0022374,PF_0022374_01,충청남도 부여군,80300.0
,,PF_0022376,PF_0022376_01,광주광역시 광산구,80300.0
,,sk0015,sk0015_01,세종특별자치시 연동면,80300.0
,,sk0019,sk0019_01,세종특별자치시 연동면,80300.0
,,sk0023,sk0023_01,세종특별자치시 연동면,80300.0
,,sk0026,sk0026_01,세종특별자치시 연동면,80300.0
,,sk0047,sk0047_01,세종특별자치시 연동면,80300.0
,,sk0057,sk0057_01,세종특별자치시 연동면,80300.0
,,sk0058,sk0058_01,세종특별자치시 연동면,80300.0
,,sk0063,sk0063_01,세종특별자치시 연동면,80300.0
,,sk0065,sk0065_01,세종특별자치시 연동면,80300.0
,,sk0073,sk0073_01,세종특별자치시 연동면,80300.0
,,sk0078,sk0078_01,세종특별자치시 연동면,80300.0
,,sk0081,sk0081_01,세종특별자치시 연동면,80300.0
,,sk0085,sk0085_01,세종특별자치시 연동면,80300.0
,,sk0091,sk0091_01,세종특별자치시 연동면,80300.0
,,sk0104,sk0104_01,세종특별자치시 연동면,80300.0
,,sk0118,sk0118_01,세종특별자치시 연동면,80300.0
